Variable,FH,Cuantil,Freq_obs
S0,1,0.1,10.791691751956654
S0,1,0.2,22.065021071643585
S0,1,0.30000000000000004,32.615894039735096
S0,1,0.4,42.71523178807947
S0,1,0.5,51.332028898254066
S0,1,0.6,59.866044551475014
S0,1,0.7000000000000001,68.86664659843468
S0,1,0.8,78.77031908488861
S0,1,0.9,88.94491270319085
S0,2,0.1,11.680590050425229
S0,2,0.2,22.081734025739443
S0,2,0.30000000000000004,32.603296455181756
S0,2,0.4,42.966809663580946
S0,2,0.5,51.75735681493189
S0,2,0.6,59.78776247459924
S0,2,0.7000000000000001,69.05245728907956
S0,2,0.8,78.98697975464741
S0,2,0.9,89.17739143523745
S0,3,0.1,11.666415776004817
S0,3,0.2,22.203823573686588
S0,3,0.30000000000000004,32.417582417582416
S0,3,0.4,42.64639470118922
S0,3,0.5,51.27954237543278
S0,3,0.6,59.51377389733554
S0,3,0.7000000000000001,68.65121180189674
S0,3,0.8,78.94776456420291
S0,3,0.9,89.04862261026645
S0,4,0.1,11.968385397064358
S0,4,0.2,22.453895370718858
S0,4,0.30000000000000004,32.013549115543846
S0,4,0.4,42.62702295822356
S0,4,0.5,50.914565299209634
S0,4,0.6,59.92472713586751
S0,4,0.7000000000000001,69.01016183665789
S0,4,0.8,78.87843432442605
S0,4,0.9,89.16070756492284
S0,5,0.1,11.675700090334237
S0,5,0.2,22.00391448358928
S0,5,0.30000000000000004,31.918096958747366
S0,5,0.4,42.080698584763624
S0,5,0.5,51.068955133995786
S0,5,0.6,59.929238181270705
S0,5,0.7000000000000001,69.08310749774165
S0,5,0.8,78.92201144233665
S0,5,0.9,88.70069256248118
S1,1,0.1,10.791691751956654
S1,1,0.2,21.673690547862734
S1,1,0.30000000000000004,32.615894039735096
S1,1,0.4,42.78296207104154
S1,1,0.5,51.34708007224563
S1,1,0.6,59.72305839855508
S1,1,0.7000000000000001,68.9118001204094
S1,1,0.8,78.72516556291392
S1,1,0.9,88.89975918121613
S1,2,0.1,11.387070068487997
S1,2,0.2,21.931210958079326
S1,2,0.30000000000000004,32.80650259652292
S1,2,0.4,43.13238503800708
S1,2,0.5,51.60683374727177
S1,2,0.6,59.855497855046295
S1,2,0.7000000000000001,69.32339881086776
S1,2,0.8,78.78377361330624
S1,2,0.9,88.93655452698125
S1,3,0.1,11.591148577449948
S1,3,0.2,22.12102965527623
S1,3,0.30000000000000004,32.4251091374379
S1,3,0.4,42.70660846003312
S1,3,0.5,51.40749661297607
S1,3,0.6,59.86000301068795
S1,3,0.7000000000000001,68.75658587987355
S1,3,0.8,78.74454312810477
S1,3,0.9,89.07120276983291
S1,4,0.1,12.149040270982312
S1,4,0.2,22.401204365826118
S1,4,0.30000000000000004,32.096349266089575
S1,4,0.4,42.6646593902898
S1,4,0.5,51.095220173127586
S1,4,0.6,60.143018441851716
S1,4,0.7000000000000001,69.25103500188182
S1,4,0.8,78.64508844561536
S1,4,0.9,88.9649981181784
S1,5,0.1,11.735922914784704
S1,5,0.2,21.86841312857573
S1,5,0.30000000000000004,32.27943390545017
S1,5,0.4,42.33664558867811
S1,5,0.5,51.09153869316471
S1,5,0.6,59.97440529960855
S1,5,0.7000000000000001,69.19602529358627
S1,5,0.8,78.72628726287263
S1,5,0.9,88.83619391749474
S2,1,0.1,10.844370860927151
S2,1,0.2,21.65863937387116
S2,1,0.30000000000000004,32.66104756170981
S2,1,0.4,42.76038531005418
S2,1,0.5,51.30192655027093
S2,1,0.6,59.519867549668874
S2,1,0.7000000000000001,68.6484045755569
S2,1,0.8,78.64990969295606
S2,1,0.9,89.03521974714027
S2,2,0.1,11.349439301572966
S2,2,0.2,21.893580191164297
S2,2,0.30000000000000004,32.49793030781967
S2,2,0.4,42.944231203431926
S2,2,0.5,51.57672913373974
S2,2,0.6,59.7576578610672
S2,2,0.7000000000000001,69.04493113569654
S2,2,0.8,78.57304131858207
S2,2,0.9,89.04192067434334
S2,3,0.1,11.470721059762155
S2,3,0.2,21.978021978021978
S2,3,0.30000000000000004,32.38747553816047
S2,3,0.4,42.751768779166035
S2,3,0.5,51.603191329218724
S2,3,0.6,59.73957549300015
S2,3,0.7000000000000001,68.77163931958452
S2,3,0.8,78.609062170706
S2,3,0.9,89.07120276983291
S2,4,0.1,12.096349266089575
S2,4,0.2,22.32593150169364
S2,4,0.30000000000000004,32.06624012043658
S2,4,0.4,42.86036883703425
S2,4,0.5,51.11780203236733
S2,4,0.6,60.293564170116674
S2,4,0.7000000000000001,69.09296198720362
S2,4,0.8,78.66014301844186
S2,4,0.9,88.76928867143394
S2,5,0.1,11.79614573923517
S2,5,0.2,21.99638663053297
S2,5,0.30000000000000004,32.37729599518217
S2,5,0.4,42.40439626618488
S2,5,0.5,51.0840108401084
S2,5,0.6,59.95182174043963
S2,5,0.7000000000000001,69.1358024691358
S2,5,0.8,78.83920505871725
S2,5,0.9,88.88136103583258
S3,1,0.1,10.799217338952438
S3,1,0.2,21.598434677904876
S3,1,0.30000000000000004,32.52558699578567
S3,1,0.4,42.685129440096325
S3,1,0.5,51.271824202287775
S3,1,0.6,59.46718844069837
S3,1,0.7000000000000001,68.3850090307044
S3,1,0.8,78.49187236604455
S3,1,0.9,89.08789885611078
S3,2,0.1,11.311808534657937
S3,2,0.2,21.697900203206142
S3,2,0.30000000000000004,32.309776473244526
S3,2,0.4,42.710920448558745
S3,2,0.5,51.61435990065477
S3,2,0.6,59.72002709415219
S3,2,0.7000000000000001,68.83419884097238
S3,2,0.8,78.44509671107097
S3,2,0.9,88.93655452698125
S3,3,0.1,11.508354659039592
S3,3,0.2,21.95544181845552
S3,3,0.30000000000000004,32.58317025440313
S3,3,0.4,42.74424205931055
S3,3,0.5,51.52792413066386
S3,3,0.6,59.62667469516785
S3,3,0.7000000000000001,68.80174619900647
S3,3,0.8,78.47358121330724
S3,3,0.9,88.86798133373476
S3,4,0.1,12.088821979676327
S3,4,0.2,22.160331200602183
S3,4,0.30000000000000004,32.35980429055326
S3,4,0.4,42.890477982687244
S3,4,0.5,51.155438464433566
S3,4,0.6,59.90214527662777
S3,4,0.7000000000000001,69.01016183665789
S3,4,0.8,78.65261573202861
S3,4,0.9,88.70907038012797
S3,5,0.1,11.788617886178862
S3,5,0.2,21.79313459801265
S3,5,0.30000000000000004,32.26437819933755
S3,5,0.4,42.570009033423666
S3,5,0.5,51.15928937067148
S3,5,0.6,59.65070761818729
S3,5,0.7000000000000001,69.19602529358627
S3,5,0.8,78.71123155676001
S3,5,0.9,88.64046973803072
S4,1,0.1,10.716435881998795
S4,1,0.2,21.605960264900663
S4,1,0.30000000000000004,32.5632149307646
S4,1,0.4,42.73780854906683
S4,1,0.5,51.20409391932571
S4,1,0.6,59.41450933172787
S4,1,0.7000000000000001,68.1667670078266
S4,1,0.8,78.43919325707405
S4,1,0.9,89.14057796508128
S4,2,0.1,11.311808534657937
S4,2,0.2,21.62263866937608
S4,2,0.30000000000000004,32.40009031384059
S4,2,0.4,42.82381274930383
S4,2,0.5,51.441258372845645
S4,2,0.6,59.712500940769175
S4,2,0.7000000000000001,68.69872808007827
S4,2,0.8,78.20425980281478
S4,2,0.9,88.95160683374728
S4,3,0.1,11.433087460484721
S4,3,0.2,21.880174619900647
S4,3,0.30000000000000004,32.72617793165738
S4,3,0.4,42.92488333584224
S4,3,0.5,51.52792413066386
S4,3,0.6,59.49119373776908
S4,3,0.7000000000000001,68.71895228059611
S4,3,0.8,78.51121481258467
S4,3,0.9,88.87550805359025
S4,4,0.1,12.051185547610087
S4,4,0.2,21.972149040270985
S4,4,0.30000000000000004,32.5555137372977
S4,4,0.4,42.74745954083553
S4,4,0.5,51.05758374106135
S4,4,0.6,59.90967256304103
S4,4,0.7000000000000001,68.77681595784719
S4,4,0.8,78.61497929996236
S4,4,0.9,88.67143394806173
S4,5,0.1,11.735922914784704
S4,5,0.2,21.74043962661849
S4,5,0.30000000000000004,32.422463113520024
S4,5,0.4,42.78831677205661
S4,5,0.5,51.2646793134598
S4,5,0.6,59.61306835290575
S4,5,0.7000000000000001,68.90243902439023
S4,5,0.8,78.74134296898525
S4,5,0.9,88.58024691358025
S5,1,0.1,10.573449729078868
S5,1,0.2,21.335039133052376
S5,1,0.30000000000000004,32.50301023479831
S5,1,0.4,42.639975918121614
S5,1,0.5,51.15141481035521
S5,1,0.6,59.30162552679109
S5,1,0.7000000000000001,68.09903672486453
S5,1,0.8,78.27363034316677
S5,1,0.9,89.05779650812762
S5,2,0.1,11.409648528637014
S5,2,0.2,21.562429442312034
S5,2,0.30000000000000004,32.505456461202684
S5,2,0.4,42.582975841047634
S5,2,0.5,51.275682998419505
S5,2,0.6,59.825393241514256
S5,2,0.7000000000000001,68.70625423346127
S5,2,0.8,78.30209979679385
S5,2,0.9,88.84624068638519
S5,3,0.1,11.425560740629233
S5,3,0.2,21.872647900045163
S5,3,0.30000000000000004,32.83907872948969
S5,3,0.4,42.82703597772091
S5,3,0.5,51.445130212253495
S5,3,0.6,59.40839981935873
S5,3,0.7000000000000001,68.81679963871746
S5,3,0.8,78.4961613728737
S5,3,0.9,88.83787445431281
S5,4,0.1,11.915694392171622
S5,4,0.2,22.01731275875047
S5,4,0.30000000000000004,32.5555137372977
S5,4,0.4,42.70229582235604
S5,4,0.5,50.989838163342114
S5,4,0.6,59.82687241249529
S5,4,0.7000000000000001,68.70154309371472
S5,4,0.8,78.64508844561536
S5,4,0.9,88.6036883703425
S5,5,0.1,11.690755796446853
S5,5,0.2,21.612466124661246
S5,5,0.30000000000000004,32.565492321589886
S5,5,0.4,42.577536886479976
S5,5,0.5,51.09906654622102
S5,5,0.6,59.62059620596206
S5,5,0.7000000000000001,68.87985546522131
S5,5,0.8,78.9747064137308
S5,5,0.9,88.64046973803072
S6,1,0.1,10.573449729078868
S6,1,0.2,21.43287176399759
S6,1,0.30000000000000004,32.480433473810955
S6,1,0.4,42.632450331125824
S6,1,0.5,51.106261288380495
S6,1,0.6,59.309151113786875
S6,1,0.7000000000000001,67.93347381095725
S6,1,0.8,78.23600240818784
S6,1,0.9,88.98254063816978
S6,2,0.1,11.319334688040943
S6,2,0.2,21.55490328892903
S6,2,0.30000000000000004,32.47535184767066
S6,2,0.4,42.628132761345675
S6,2,0.5,50.93700609618425
S6,2,0.6,59.39640249868292
S6,2,0.7000000000000001,68.65357115978024
S6,2,0.8,78.30962595017687
S6,2,0.9,88.70324377210808
S6,3,0.1,11.380400421496311
S6,3,0.2,21.812434141201265
S6,3,0.30000000000000004,32.74123137136836
S6,3,0.4,42.87972301670932
S6,3,0.5,51.21932861658889
S6,3,0.6,59.22023182297155
S6,3,0.7000000000000001,68.63615836218577
S6,3,0.8,78.48110793316273
S6,3,0.9,88.65723317778112
S6,4,0.1,11.73503951825367
S6,4,0.2,21.851712457659016
S6,4,0.30000000000000004,32.70605946556267
S6,4,0.4,42.56680466691758
S6,4,0.5,50.914565299209634
S6,4,0.6,59.4354535190064
S6,4,0.7000000000000001,68.58110651110275
S6,4,0.8,78.64508844561536
S6,4,0.9,88.56605193827625
S6,5,0.1,11.547726588376996
S6,5,0.2,21.544715447154474
S6,5,0.30000000000000004,32.61818729298404
S6,5,0.4,42.44956338452273
S6,5,0.5,50.94850948509485
S6,5,0.6,59.37970490816019
S6,5,0.7000000000000001,68.83468834688347
S6,5,0.8,78.98976211984342
S6,5,0.9,88.55766335441132
S7,1,0.1,10.58850090307044
S7,1,0.2,21.50812763395545
S7,1,0.30000000000000004,32.277242624924746
S7,1,0.4,42.47441300421433
S7,1,0.5,50.895544852498496
S7,1,0.6,59.06833232992174
S7,1,0.7000000000000001,67.7001806140879
S7,1,0.8,78.2059000602047
S7,1,0.9,88.78687537627935
S7,2,0.1,11.244073154210882
S7,2,0.2,21.351697147587867
S7,2,0.30000000000000004,32.55813953488372
S7,2,0.4,42.37976969970648
S7,2,0.5,50.93700609618425
S7,2,0.6,59.26845789117182
S7,2,0.7000000000000001,68.39015579137502
S7,2,0.8,77.8505305938135
S7,2,0.9,88.43230225031986
S7,3,0.1,11.244919464097547
S7,3,0.2,21.601685985247627
S7,3,0.30000000000000004,32.470269456570826
S7,3,0.4,42.63886798133373
S7,3,0.5,51.12148125846756
S7,3,0.6,58.85894926990818
S7,3,0.7000000000000001,68.47809724522054
S7,3,0.8,78.45100105374078
S7,3,0.9,88.49164534096042
S7,4,0.1,11.58449378998871
S7,4,0.2,21.82913059841927
S7,4,0.30000000000000004,32.5555137372977
S7,4,0.4,42.34851336093338
S7,4,0.5,50.79412871659766
S7,4,0.6,59.09672563041024
S7,4,0.7000000000000001,68.46819721490402
S7,4,0.8,78.44185171245766
S7,4,0.9,88.39292435077155
S7,5,0.1,11.419753086419753
S7,5,0.2,21.55977115326709
S7,5,0.30000000000000004,32.75368864799759
S7,5,0.4,42.088226437819934
S7,5,0.5,50.70761818729298
S7,5,0.6,59.17645287563986
S7,5,0.7000000000000001,68.4056007226739
S7,5,0.8,78.70370370370371
S7,5,0.9,88.48238482384824
S8,1,0.1,10.558398555087296
S8,1,0.2,21.447922937989166
S8,1,0.30000000000000004,32.2998193859121
S8,1,0.4,42.286273329319684
S8,1,0.5,50.66225165562914
S8,1,0.6,58.88771824202288
S8,1,0.7000000000000001,67.42173389524383
S8,1,0.8,78.05538832028898
S8,1,0.9,88.74172185430463
S8,2,0.1,11.10107623993377
S8,2,0.2,21.156017159629712
S8,2,0.30000000000000004,32.407616467223605
S8,2,0.4,42.30450816587642
S8,2,0.5,50.90690148265221
S8,2,0.6,59.08783020997967
S8,2,0.7000000000000001,68.17189734326786
S8,2,0.8,77.74516444645143
S8,2,0.9,88.37961917663883
S8,3,0.1,11.259972903808519
S8,3,0.2,21.57157910582568
S8,3,0.30000000000000004,32.59069697425862
S8,3,0.4,42.57865422248984
S8,3,0.5,50.92578654222489
S8,3,0.6,58.66325455366551
S8,3,0.7000000000000001,68.30498268854434
S8,3,0.8,78.48863465301822
S8,3,0.9,88.40885142255004
S8,4,0.1,11.494166353029733
S8,4,0.2,21.74633044787354
S8,4,0.30000000000000004,32.525404591644715
S8,4,0.4,42.11516748212269
S8,4,0.5,50.779074143771176
S8,4,0.6,58.94617990214528
S8,4,0.7000000000000001,68.22732404968009
S8,4,0.8,78.37410613473843
S8,4,0.9,88.4004516371848
S8,5,0.1,11.352002408912979
S8,5,0.2,21.394158386028305
S8,5,0.30000000000000004,32.45257452574526
S8,5,0.4,41.93014152363746
S8,5,0.5,50.594700391448356
S8,5,0.6,59.086118638964166
S8,5,0.7000000000000001,68.32279433905451
S8,5,0.8,78.49292381812707
S8,5,0.9,88.55766335441132
S9,1,0.1,10.633654425045155
S9,1,0.2,21.365141481035522
S9,1,0.30000000000000004,32.2998193859121
S9,1,0.4,42.12823600240819
S9,1,0.5,50.40638169777243
S9,1,0.6,58.744732089102946
S9,1,0.7000000000000001,67.18844069837448
S9,1,0.8,77.9425045153522
S9,1,0.9,88.63636363636364
S9,2,0.1,11.108602393316776
S9,2,0.2,21.148491006246708
S9,2,0.30000000000000004,32.39256416045759
S9,2,0.4,41.99593587717318
S9,2,0.5,50.87679686912019
S9,2,0.6,58.89967637540453
S9,2,0.7000000000000001,67.90095582147964
S9,2,0.8,77.64732445247235
S9,2,0.9,88.18393918868065
S9,3,0.1,11.312659942796929
S9,3,0.2,21.315670630739124
S9,3,0.30000000000000004,32.553063374981186
S9,3,0.4,42.352852626825225
S9,3,0.5,50.572030709017014
S9,3,0.6,58.58046063525516
S9,3,0.7000000000000001,67.8684329369261
S9,3,0.8,78.2703597772091
S9,3,0.9,88.22821014601836
S9,4,0.1,11.441475348136997
S9,4,0.2,21.580730146782084
S9,4,0.30000000000000004,32.34474971772676
S9,4,0.4,41.889348889725255
S9,4,0.5,50.274745954083556
S9,4,0.6,58.75799774181407
S9,4,0.7000000000000001,68.06925103500188
S9,4,0.8,78.25366955212645
S9,4,0.9,88.40797892359804
S9,5,0.1,11.246612466124661
S9,5,0.2,21.251129177958447
S9,5,0.30000000000000004,32.32460102378801
S9,5,0.4,41.809695874736526
S9,5,0.5,50.39144835892804
S9,5,0.6,58.76242095754291
S9,5,0.7000000000000001,67.968985245408
S9,5,0.8,78.54561878952123
S9,5,0.9,88.48991267690455
S10,1,0.1,10.580975316074653
S10,1,0.2,21.304936785069238
S10,1,0.30000000000000004,32.32992173389525
S10,1,0.4,42.0153521974714
S10,1,0.5,50.22576760987357
S10,1,0.6,58.54906682721253
S10,1,0.7000000000000001,66.95514750150512
S10,1,0.8,77.73178807947019
S10,1,0.9,88.6062612883805
S10,2,0.1,11.138707006848799
S10,2,0.2,20.967863325054566
S10,2,0.30000000000000004,32.362459546925564
S10,2,0.4,41.6497328215549
S10,2,0.5,50.61338150071498
S10,2,0.6,58.65131331376533
S10,2,0.7000000000000001,67.52464815232935
S10,2,0.8,77.39896139083314
S10,2,0.9,88.01083766087153
S10,3,0.1,11.147072105976216
S10,3,0.2,21.142556074062924
S10,3,0.30000000000000004,32.28962818003914
S10,3,0.4,42.096944151738676
S10,3,0.5,50.18816799638718
S10,3,0.6,58.30197200060214
S10,3,0.7000000000000001,67.5748908625621
S10,3,0.8,78.037031461689
S10,3,0.9,88.12283606804155
S10,4,0.1,11.321038765525028
S10,4,0.2,21.437711704930372
S10,4,0.30000000000000004,32.1942039894618
S10,4,0.4,41.640948438088074
S10,4,0.5,49.93601806548739
S10,4,0.6,58.712834023334594
S10,4,0.7000000000000001,67.98645088445615
S10,4,0.8,78.02032367331577
S10,4,0.9,88.3703424915318
S10,5,0.1,11.231556760012044
S10,5,0.2,21.205962059620596
S10,5,0.30000000000000004,32.21168322794339
S10,5,0.4,41.62149954832881
S10,5,0.5,49.98494429388739
S10,5,0.6,58.18277627220717
S10,5,0.7000000000000001,67.94640168623908
S10,5,0.8,78.34989461005722
S10,5,0.9,88.354411321891
S11,1,0.1,10.618603251053582
S11,1,0.2,21.131848284166168
S11,1,0.30000000000000004,32.21703792895846
S11,1,0.4,41.75948223961469
S11,1,0.5,49.92474413004214
S11,1,0.6,58.28567128236002
S11,1,0.7000000000000001,66.73690547862734
S11,1,0.8,77.46086694762191
S11,1,0.9,88.61378687537628
S11,2,0.1,11.070971626401747
S11,2,0.2,20.90012794460751
S11,2,0.30000000000000004,32.07646571837134
S11,2,0.4,41.07021901106344
S11,2,0.5,50.34243997892677
S11,2,0.6,58.16963949725296
S11,2,0.7000000000000001,67.32144201098819
S11,2,0.8,77.15059832919395
S11,2,0.9,88.04094227440356
S11,3,0.1,11.101911786843294
S11,3,0.2,20.84148727984344
S11,3,0.30000000000000004,32.018666265241606
S11,3,0.4,41.72813487881981
S11,3,0.5,49.73656480505795
S11,3,0.6,58.015956646093635
S11,3,0.7000000000000001,67.25124190877617
S11,3,0.8,77.76606954689147
S11,3,0.9,87.9196146319434
S11,4,0.1,11.208129469326309
S11,4,0.2,21.264584117425667
S11,4,0.30000000000000004,31.885585246518627
S11,4,0.4,41.129092961987205
S11,4,0.5,49.61234474971773
S11,4,0.6,58.42679713963116
S11,4,0.7000000000000001,67.54986827248777
S11,4,0.8,77.80955965374481
S11,4,0.9,88.17463304478736
S11,5,0.1,11.178861788617885
S11,5,0.2,21.077988557663353
S11,5,0.30000000000000004,32.023486901535684
S11,5,0.4,41.01927130382415
S11,5,0.5,49.58596808190304
S11,5,0.6,57.828967178560674
S11,5,0.7000000000000001,67.72056609454984
S11,5,0.8,78.19180969587474
S11,5,0.9,88.24902137910267
S12,1,0.1,10.633654425045155
S12,1,0.2,21.041541240216738
S12,1,0.30000000000000004,31.870860927152318
S12,1,0.4,41.45093317278748
S12,1,0.5,49.586092715231786
S12,1,0.6,57.99217338952438
S12,1,0.7000000000000001,66.63154726068633
S12,1,0.8,77.22004816375677
S12,1,0.9,88.49337748344371
S12,2,0.1,11.003236245954692
S12,2,0.2,20.794761797245428
S12,2,0.30000000000000004,31.7754195830511
S12,2,0.4,40.739068262211184
S12,2,0.5,49.97365846315948
S12,2,0.6,57.73312260103861
S12,2,0.7000000000000001,66.9752389553699
S12,2,0.8,76.9699706480018
S12,2,0.9,87.95815458719048
S12,3,0.1,11.056751467710372
S12,3,0.2,20.743639921722114
S12,3,0.30000000000000004,31.58964323347885
S12,3,0.4,41.22384464850219
S12,3,0.5,49.292488333584224
S12,3,0.6,57.617040493752825
S12,3,0.7000000000000001,66.79211199759145
S12,3,0.8,77.43489387325003
S12,3,0.9,87.77660695468916
S12,4,0.1,11.095220173127588
S12,4,0.2,21.06134738426797
S12,4,0.30000000000000004,31.644712081294696
S12,4,0.4,40.632292058712835
S12,4,0.5,49.21339856981558
S12,4,0.6,57.88483251787731
S12,4,0.7000000000000001,66.91004892736169
S12,4,0.8,77.72675950319909
S12,4,0.9,88.03161460293563
S12,5,0.1,11.02077687443541
S12,5,0.2,20.889792231255647
S12,5,0.30000000000000004,31.692261367058116
S12,5,0.4,40.65793435712135
S12,5,0.5,48.96115627822945
S12,5,0.6,57.414935260463714
S12,5,0.7000000000000001,67.5097862089732
S12,5,0.8,77.80788919000301
S12,5,0.9,88.15115928937067
B1,1,0.1,10.701384708007225
B1,1,0.2,21.410295003010233
B1,1,0.30000000000000004,32.04394942805539
B1,1,0.4,41.79711017459361
B1,1,0.5,50.496688741721854
B1,1,0.6,58.59422034918723
B1,1,0.7000000000000001,68.24954846478025
B1,1,0.8,78.81547260686334
B1,1,0.9,89.62974111980735
B1,2,0.1,10.958079325656657
B1,2,0.2,21.186121773161737
B1,2,0.30000000000000004,31.76036727628509
B1,2,0.4,41.83788665613005
B1,2,0.5,50.2521261383307
B1,2,0.6,58.61368254685031
B1,2,0.7000000000000001,68.36757733122602
B1,2,0.8,78.75366899977422
B1,2,0.9,89.59885602468577
B1,3,0.1,11.056751467710372
B1,3,0.2,21.187716393195846
B1,3,0.30000000000000004,31.68749059160018
B1,3,0.4,41.713081439108834
B1,3,0.5,50.69245822670481
B1,3,0.6,58.94926990817402
B1,3,0.7000000000000001,68.0340207737468
B1,3,0.8,78.62411561041698
B1,3,0.9,89.10130964925486
B1,4,0.1,11.042529168234852
B1,4,0.2,21.03876552502823
B1,4,0.30000000000000004,31.343620624764775
B1,4,0.4,41.791494166353026
B1,4,0.5,50.32743695897629
B1,4,0.6,59.17199849454272
B1,4,0.7000000000000001,68.64132480240873
B1,4,0.8,79.23221678584869
B1,4,0.9,88.89725254045916
B1,5,0.1,10.915386931647095
B1,5,0.2,21.13068352905751
B1,5,0.30000000000000004,30.93947606142728
B1,5,0.4,41.07196627521831
B1,5,0.5,50.21077988557663
B1,5,0.6,58.98072869617585
B1,5,0.7000000000000001,68.55615778380006
B1,5,0.8,79.22312556458898
B1,5,0.9,88.73080397470642
B2,1,0.1,10.611077664057797
B2,1,0.2,21.24473208910295
B2,1,0.30000000000000004,31.961167971101744
B2,1,0.4,41.48103552077062
B2,1,0.5,50.421432871764
B2,1,0.6,58.880192655027095
B2,1,0.7000000000000001,68.39253461770018
B2,1,0.8,78.6198073449729
B2,1,0.9,89.62974111980735
B2,2,0.1,10.769925491081509
B2,2,0.2,21.088281779182662
B2,2,0.30000000000000004,31.481899601113874
B2,2,0.4,41.49920975389478
B2,2,0.5,50.26717844509672
B2,2,0.6,59.080304056596674
B2,2,0.7000000000000001,68.63851885301423
B2,2,0.8,79.09987205539248
B2,2,0.9,89.67411755851585
B2,3,0.1,10.868583471323197
B2,3,0.2,21.11997591449646
B2,3,0.30000000000000004,31.431582116513624
B2,3,0.4,41.47222640373325
B2,3,0.5,50.647297907571875
B2,3,0.6,59.190124943549606
B2,3,0.7000000000000001,68.14692157157911
B2,3,0.8,78.93271112449195
B2,3,0.9,89.42495860304079
B2,4,0.1,10.89951072638314
B2,4,0.2,20.843056078283777
B2,4,0.30000000000000004,31.035001881821607
B2,4,0.4,41.610839292435074
B2,4,0.5,50.26721866767031
B2,4,0.6,59.375235227700415
B2,4,0.7000000000000001,68.76928867143394
B2,4,0.8,79.48814452389912
B2,4,0.9,88.95747083176515
B2,5,0.1,10.937970490816019
B2,5,0.2,20.874736525143028
B2,5,0.30000000000000004,30.600722673893404
B2,5,0.4,40.98163203854261
B2,5,0.5,50.29358626919602
B2,5,0.6,59.161397169527255
B2,5,0.7000000000000001,68.72929840409515
B2,5,0.8,79.47907256850345
B2,5,0.9,88.91147244805782
B3,1,0.1,10.249849488260084
B3,1,0.2,20.748043347381095
B3,1,0.30000000000000004,31.59993979530403
B3,1,0.4,41.32299819385912
B3,1,0.5,50.30102347983143
B3,1,0.6,59.27152317880795
B3,1,0.7000000000000001,68.68603251053582
B3,1,0.8,79.07134256472006
B3,1,0.9,89.73509933774835
B3,2,0.1,10.446300895612252
B3,2,0.2,20.64423872958531
B3,2,0.30000000000000004,31.22601038609167
B3,2,0.4,41.31858207270264
B3,2,0.5,50.19191691126665
B3,2,0.6,59.31361481146986
B3,2,0.7000000000000001,69.09008805599458
B3,2,0.8,79.39339203732972
B3,2,0.9,89.68164371189886
B3,3,0.1,10.529881077826284
B3,3,0.2,20.833960559987958
B3,3,0.30000000000000004,31.03266596417281
B3,3,0.4,41.216317928646696
B3,3,0.5,50.63224446786091
B3,3,0.6,59.4234532590697
B3,3,0.7000000000000001,68.83185307842842
B3,3,0.8,79.39184103567665
B3,3,0.9,89.62065331928346
B3,4,0.1,10.66616484757245
B3,4,0.2,20.50432818968762
B3,4,0.30000000000000004,30.530673692133988
B3,4,0.4,41.43018441851712
B3,4,0.5,50.37260067745578
B3,4,0.6,59.774181407602555
B3,4,0.7000000000000001,69.06285284155062
B3,4,0.8,79.75159954836282
B3,4,0.9,89.3413624388408
B3,5,0.1,10.66696778078892
B3,5,0.2,20.679012345679013
B3,5,0.30000000000000004,30.404998494429385
B3,5,0.4,40.71815718157182
B3,5,0.5,50.33122553447756
B3,5,0.6,59.32700993676604
B3,5,0.7000000000000001,69.17344173441734
B3,5,0.8,79.53929539295393
B3,5,0.9,89.15989159891599
B4,1,0.1,10.340156532209512
B4,1,0.2,20.544852498494883
B4,1,0.30000000000000004,31.30644190246839
B4,1,0.4,41.202588801926545
B4,1,0.5,50.285972305839856
B4,1,0.6,59.54996989765202
B4,1,0.7000000000000001,68.8515954244431
B4,1,0.8,79.23690547862734
B4,1,0.9,90.08880192655026
B4,2,0.1,10.197937833973056
B4,2,0.2,20.47113720177617
B4,2,0.30000000000000004,31.11311808534658
B4,2,0.4,41.1379543915105
B4,2,0.5,50.176864604500636
B4,2,0.6,59.50929479942801
B4,2,0.7000000000000001,69.02235267554752
B4,2,0.8,79.66433355911794
B4,2,0.9,89.83216677955896
B4,3,0.1,10.409453560138491
B4,3,0.2,20.52536504591299
B4,3,0.30000000000000004,30.776757489086254
B4,3,0.4,41.238898088213155
B4,3,0.5,50.63224446786091
B4,3,0.6,59.589041095890416
B4,3,0.7000000000000001,69.23076923076923
B4,3,0.8,79.768177028451
B4,3,0.9,89.74860755682673
B4,4,0.1,10.523146405720738
B4,4,0.2,20.684983063605568
B4,4,0.30000000000000004,30.59089198343997
B4,4,0.4,41.309747835905156
B4,4,0.5,50.425291682348515
B4,4,0.6,59.72149040270982
B4,4,0.7000000000000001,69.22845314264208
B4,4,0.8,80.2032367331577
B4,4,0.9,89.58223560406473
B4,5,0.1,10.508882866606443
B4,5,0.2,20.42306534176453
B4,5,0.30000000000000004,30.292080698584762
B4,5,0.4,40.492321589882565
B4,5,0.5,50.38392050587173
B4,5,0.6,59.61306835290575
B4,5,0.7000000000000001,69.4068051791629
B4,5,0.8,79.93827160493827
B4,5,0.9,89.38572719060524
B5,1,0.1,10.498193859121011
B5,1,0.2,20.439494280553884
B5,1,0.30000000000000004,30.915111378687538
B5,1,0.4,41.18753762793498
B5,1,0.5,50.285972305839856
B5,1,0.6,59.47471402769416
B5,1,0.7000000000000001,68.93437688139676
B5,1,0.8,79.16917519566526
B5,1,0.9,90.23178807947019
B5,2,0.1,10.069993226461955
B5,2,0.2,20.44103258824415
B5,2,0.30000000000000004,31.09806577858057
B5,2,0.4,41.04764055091443
B5,2,0.5,50.09407691728758
B5,2,0.6,59.56197787310905
B5,2,0.7000000000000001,69.37608188454881
B5,2,0.8,79.95032738767216
B5,2,0.9,90.02784676751712
B5,3,0.1,10.281499322595213
B5,3,0.2,20.141502333283153
B5,3,0.30000000000000004,30.656329971398467
B5,3,0.4,41.04320337197049
B5,3,0.5,50.647297907571875
B5,3,0.6,59.70194189372272
B5,3,0.7000000000000001,69.40388378744544
B5,3,0.8,79.99397862411561
B5,3,0.9,89.80882131567063
B5,4,0.1,10.365073391042529
B5,4,0.2,20.557019194580352
B5,4,0.30000000000000004,30.43281896876176
B5,4,0.4,41.28716597666541
B5,4,0.5,50.47798268724125
B5,4,0.6,59.75159954836281
B5,4,0.7000000000000001,69.53707188558525
B5,4,0.8,80.41400075272864
B5,4,0.9,89.68761761385021
B5,5,0.1,10.395965070761818
B5,5,0.2,20.4004817825956
B5,5,0.30000000000000004,29.945799457994582
B5,5,0.4,40.38693164709425
B5,5,0.5,50.30111412225233
B5,5,0.6,59.58295694068052
B5,5,0.7000000000000001,69.64769647696477
B5,5,0.8,80.0587172538392
B5,5,0.9,89.5287563986751
B6,1,0.1,10.377784467188441
B6,1,0.2,20.39434075857917
B6,1,0.30000000000000004,30.74202287778447
B6,1,0.4,41.14990969295605
B6,1,0.5,50.29349789283564
B6,1,0.6,59.580072245635165
B6,1,0.7000000000000001,69.08488862131246
B6,1,0.8,79.54545454545455
B6,1,0.9,90.20168573148706
B6,2,0.1,10.039888612929932
B6,2,0.2,20.486189508542186
B6,2,0.30000000000000004,30.827124256792356
B6,2,0.4,40.83690825619026
B6,2,0.5,50.10160307067058
B6,2,0.6,59.629713253556105
B6,2,0.7000000000000001,69.45134341837887
B6,2,0.8,80.14600737563032
B6,2,0.9,89.9977421539851
B6,3,0.1,10.206232124040342
B6,3,0.2,19.870540418485625
B6,3,0.30000000000000004,30.475688694866776
B6,3,0.4,40.93782929399368
B6,3,0.5,50.6397711877164
B6,3,0.6,59.71699533343369
B6,3,0.7000000000000001,69.5995785036881
B6,3,0.8,80.18214662050278
B6,3,0.9,89.75613427668222
B6,4,0.1,10.342491531802784
B6,4,0.2,20.361309747835904
B6,4,0.30000000000000004,30.36507339104253
B6,4,0.4,41.22694768535943
B6,4,0.5,50.410237109522015
B6,4,0.6,59.78170869401581
B6,4,0.7000000000000001,69.61987203613097
B6,4,0.8,80.39894617990214
B6,4,0.9,89.82310876928867
B6,5,0.1,10.350797952423969
B6,5,0.2,20.33273110508883
B6,5,0.30000000000000004,29.825353809093645
B6,5,0.4,40.27401385124962
B6,5,0.5,50.21077988557663
B6,5,0.6,59.6582354712436
B6,5,0.7000000000000001,69.69286359530263
B6,5,0.8,80.23938572719061
B6,5,0.9,89.75459199036435
B7,1,0.1,10.422937989163154
B7,1,0.2,20.30403371462974
B7,1,0.30000000000000004,30.922636965683324
B7,1,0.4,40.88651414810355
B7,1,0.5,50.203190848886216
B7,1,0.6,59.68543046357616
B7,1,0.7000000000000001,69.22034918723661
B7,1,0.8,79.8314268512944
B7,1,0.9,90.42745334136063
B7,2,0.1,10.085045533227968
B7,2,0.2,20.425980281478136
B7,2,0.30000000000000004,30.812071950026343
B7,2,0.4,40.52080981410401
B7,2,0.5,50.07149845713855
B7,2,0.6,59.84797170166328
B7,2,0.7000000000000001,69.50402649205991
B7,2,0.8,80.33416121020547
B7,2,0.9,90.17836983517724
B7,3,0.1,10.191178684329369
B7,3,0.2,19.75011290079783
B7,3,0.30000000000000004,30.5208490139997
B7,3,0.4,40.493752822519944
B7,3,0.5,50.579557428872505
B7,3,0.6,59.844949570976965
B7,3,0.7000000000000001,69.98344121631793
B7,3,0.8,80.46816197501128
B7,3,0.9,89.92172211350294
B7,4,0.1,10.079036507339104
B7,4,0.2,20.037636432066243
B7,4,0.30000000000000004,30.32743695897629
B7,4,0.4,41.114038389160704
B7,4,0.5,50.37260067745578
B7,4,0.6,59.98494542717351
B7,4,0.7000000000000001,69.84569062852842
B7,4,0.8,80.69251035001882
B7,4,0.9,89.97365449755364
B7,5,0.1,10.20776874435411
B7,5,0.2,20.204757603131586
B7,5,0.30000000000000004,29.885576633544115
B7,5,0.4,40.30412526347485
B7,5,0.5,50.188196326407706
B7,5,0.6,59.68081903041252
B7,5,0.7000000000000001,69.88858777476665
B7,5,0.8,80.57813911472448
B7,5,0.9,89.82987052092743
B8,1,0.1,10.2950030102348
B8,1,0.2,20.30403371462974
B8,1,0.30000000000000004,30.967790487658036
B8,1,0.4,40.856411800120405
B8,1,0.5,50.22576760987357
B8,1,0.6,59.63275135460566
B8,1,0.7000000000000001,69.13756773028297
B8,1,0.8,79.91420830824805
B8,1,0.9,90.47260686333533
B8,2,0.1,10.167833220441032
B8,2,0.2,20.516294122074207
B8,2,0.30000000000000004,30.879807330473398
B8,2,0.4,40.49823135395499
B8,2,0.5,50.07149845713855
B8,2,0.6,59.81786708813126
B8,2,0.7000000000000001,69.48144803191089
B8,2,0.8,80.22879506284339
B8,2,0.9,90.14826522164522
B8,3,0.1,10.153545085051935
B8,3,0.2,19.90817401776306
B8,3,0.30000000000000004,30.57353605298811
B8,3,0.4,40.501279542375435
B8,3,0.5,50.526870389884095
B8,3,0.6,59.852476290832456
B8,3,0.7000000000000001,69.95333433689598
B8,3,0.8,80.38536805660094
B8,3,0.9,90.01956947162427
B8,4,0.1,10.199473089951072
B8,4,0.2,20.052691004892736
B8,4,0.30000000000000004,30.40270982310877
B8,4,0.4,41.07640195709447
B8,4,0.5,50.35754610462928
B8,4,0.6,59.947308995107264
B8,4,0.7000000000000001,69.86827248776815
B8,4,0.8,80.71509220925857
B8,4,0.9,89.95859992472714
B8,5,0.1,10.132490213791028
B8,5,0.2,20.249924721469437
B8,5,0.30000000000000004,30.04366154772659
B8,5,0.4,40.161096055405
B8,5,0.5,50.195724179464015
B8,5,0.6,59.6582354712436
B8,5,0.7000000000000001,69.85094850948511
B8,5,0.8,80.52544414333033
B8,5,0.9,89.7169527250828
B9,1,0.1,10.385310054184227
B9,1,0.2,20.39434075857917
B9,1,0.30000000000000004,30.7796508127634
B9,1,0.4,40.83383503913306
B9,1,0.5,50.105358217940996
B9,1,0.6,59.48976520168573
B9,1,0.7000000000000001,69.32570740517761
B9,1,0.8,80.11739915713426
B9,1,0.9,90.61559301625527
B9,2,0.1,10.393617821931212
B9,2,0.2,20.58402950252126
B9,2,0.30000000000000004,30.73681041619628
B9,2,0.4,40.43049597350794
B9,2,0.5,50.1241815308196
B9,2,0.6,59.84044554828027
B9,2,0.7000000000000001,69.53413110559194
B9,2,0.8,80.22879506284339
B9,2,0.9,90.32889290283735
B9,3,0.1,10.048171007075117
B9,3,0.2,19.983441216317928
B9,3,0.30000000000000004,30.400421496311907
B9,3,0.4,40.441065783531535
B9,3,0.5,50.474183350895686
B9,3,0.6,59.94279692909829
B9,3,0.7000000000000001,69.96838777660696
B9,3,0.8,80.4079482161674
B9,3,0.9,90.1776305885895
B9,4,0.1,10.146782085058337
B9,4,0.2,19.894617990214527
B9,4,0.30000000000000004,30.50809183289424
B9,4,0.4,41.00112909296199
B9,4,0.5,50.2973278133233
B9,4,0.6,59.93978170869402
B9,4,0.7000000000000001,69.92849077907415
B9,4,0.8,80.85058336469703
B9,4,0.9,89.94354535190064
B9,5,0.1,10.147545919903642
B9,5,0.2,20.317675398976213
B9,5,0.30000000000000004,29.945799457994582
B9,5,0.4,40.123456790123456
B9,5,0.5,50.158084914182474
B9,5,0.6,59.63565191207467
B9,5,0.7000000000000001,70.00150557061127
B9,5,0.8,80.6910569105691
B9,5,0.9,89.86750978620897
B10,1,0.1,10.400361228175797
B10,1,0.2,20.42444310656231
B10,1,0.30000000000000004,30.726971703792895
B10,1,0.4,40.78868151715834
B10,1,0.5,50.03762793497892
B10,1,0.6,59.63275135460566
B10,1,0.7000000000000001,69.51384708007224
B10,1,0.8,80.1399759181216
B10,1,0.9,90.56291390728477
B10,2,0.1,10.318356288101151
B10,2,0.2,20.55392488898924
B10,2,0.30000000000000004,30.73681041619628
B10,2,0.4,40.40791751335892
B10,2,0.5,50.056446150372544
B10,2,0.6,59.667344020471134
B10,2,0.7000000000000001,69.7523895536991
B10,2,0.8,80.35673967035449
B10,2,0.9,90.42673289681645
B10,3,0.1,10.04064428721963
B10,3,0.2,19.825380099352703
B10,3,0.30000000000000004,30.31762757790155
B10,3,0.4,40.31311154598826
B10,3,0.5,50.42149631190726
B10,3,0.6,59.897636609965375
B10,3,0.7000000000000001,70.02860153545085
B10,3,0.8,80.55095589342164
B10,3,0.9,90.26795122685533
B10,4,0.1,10.146782085058337
B10,4,0.2,19.894617990214527
B10,4,0.30000000000000004,30.44034625517501
B10,4,0.4,40.91080165600301
B10,4,0.5,50.31990967256304
B10,4,0.6,59.95483628152051
B10,4,0.7000000000000001,70.16936394429808
B10,4,0.8,80.91832894241627
B10,4,0.9,89.97365449755364
B10,5,0.1,10.2002408912978
B10,5,0.2,20.32520325203252
B10,5,0.30000000000000004,29.960855164107198
B10,5,0.4,39.95031616982836
B10,5,0.5,50.21830773863294
B10,5,0.6,59.62059620596206
B10,5,0.7000000000000001,70.15959048479374
B10,5,0.8,80.8641975308642
B10,5,0.9,90.10840108401084
B11,1,0.1,10.407886815171583
B11,1,0.2,20.213726670680312
B11,1,0.30000000000000004,29.981938591210117
B11,1,0.4,40.53281155930162
B11,1,0.5,49.90216736905479
B11,1,0.6,59.866044551475014
B11,1,0.7000000000000001,69.94280553883203
B11,1,0.8,80.53883202889826
B11,1,0.9,90.84136062612885
B11,2,0.1,10.130202453526003
B11,2,0.2,20.10235568600888
B11,2,0.30000000000000004,30.292767366598934
B11,2,0.4,39.85098216301648
B11,2,0.5,49.996236923308494
B11,2,0.6,59.78776247459924
B11,2,0.7000000000000001,70.27169413712652
B11,2,0.8,80.80078271995184
B11,2,0.9,90.69767441860465
B11,3,0.1,10.04064428721963
B11,3,0.2,19.795273219930753
B11,3,0.30000000000000004,30.001505343971097
B11,3,0.4,39.92172211350293
B11,3,0.5,50.39891615234081
B11,3,0.6,60.01806412765317
B11,3,0.7000000000000001,70.32967032967034
B11,3,0.8,81.00255908475087
B11,3,0.9,90.5765467409303
B11,4,0.1,10.214527662777568
B11,4,0.2,19.631162965750846
B11,4,0.30000000000000004,30.169363944298084
B11,4,0.4,40.53443733534061
B11,4,0.5,50.24463680843056
B11,4,0.6,60.052691004892736
B11,4,0.7000000000000001,70.75649228453142
B11,4,0.8,81.21189311253293
B11,4,0.9,90.19947308995107
B11,5,0.1,9.996988858777476
B11,5,0.2,20.031616982836496
B11,5,0.30000000000000004,29.80277024992472
B11,5,0.4,39.769647696476966
B11,5,0.5,50.21077988557663
B11,5,0.6,59.869015356820235
B11,5,0.7000000000000001,70.63384522734117
B11,5,0.8,81.52664859981932
B11,5,0.9,90.35682023486902
B12,1,0.1,10.144491270319085
B12,1,0.2,19.97290788681517
B12,1,0.30000000000000004,29.688440698374475
B12,1,0.4,40.299518362432266
B12,1,0.5,49.857013847080076
B12,1,0.6,60.00903070439494
B12,1,0.7000000000000001,70.25135460565924
B12,1,0.8,81.02799518362433
B12,1,0.9,90.85641180012041
B12,2,0.1,10.160307067058026
B12,2,0.2,20.01204184541281
B12,2,0.30000000000000004,30.097087378640776
B12,2,0.4,39.625197561526306
B12,2,0.5,49.91344923609543
B12,2,0.6,60.051177843004446
B12,2,0.7000000000000001,70.79852487393693
B12,2,0.8,81.17709038910212
B12,2,0.9,90.90840671332882
B12,3,0.1,10.018064127653169
B12,3,0.2,19.464097546289327
B12,3,0.30000000000000004,29.738070149029056
B12,3,0.4,39.8840885142255
B12,3,0.5,50.338702393496916
B12,3,0.6,60.23633900346229
B12,3,0.7000000000000001,70.66837272316724
B12,3,0.8,81.37136835766972
B12,3,0.9,90.99804305283757
B12,4,0.1,10.207000376364322
B12,4,0.2,19.54083552879187
B12,4,0.30000000000000004,30.0790365073391
B12,4,0.4,40.210764019570945
B12,4,0.5,50.30485509973654
B12,4,0.6,60.28603688370342
B12,4,0.7000000000000001,71.08016560030109
B12,4,0.8,81.64847572450131
B12,4,0.9,90.56831012420022
B12,5,0.1,10.019572417946401
B12,5,0.2,19.91869918699187
B12,5,0.30000000000000004,29.67479674796748
B12,5,0.4,39.51370069256248
B12,5,0.5,50.105389942788314
B12,5,0.6,60.222824450466724
B12,5,0.7000000000000001,71.13821138211382
B12,5,0.8,82.00090334236675
B12,5,0.9,90.50737729599518
C1,1,0.1,10.272426249247442
C1,1,0.2,20.2212522576761
C1,1,0.30000000000000004,31.298916315472606
C1,1,0.4,41.41330523780855
C1,1,0.5,50.01505117399157
C1,1,0.6,58.72215532811559
C1,1,0.7000000000000001,67.93347381095725
C1,1,0.8,78.31878386514148
C1,1,0.9,88.95243829018663
C1,2,0.1,10.995710092571686
C1,2,0.2,20.328140287499057
C1,2,0.30000000000000004,30.638970422217206
C1,2,0.4,40.88959132987131
C1,2,0.5,50.297283058628736
C1,2,0.6,58.884624068638516
C1,2,0.7000000000000001,68.52562655226913
C1,2,0.8,78.39993979077293
C1,2,0.9,89.01181606081133
C1,3,0.1,10.928797230167094
C1,3,0.2,20.382357368658738
C1,3,0.30000000000000004,30.460635255155804
C1,3,0.4,40.87761553514978
C1,3,0.5,50.09032063826584
C1,3,0.6,59.34065934065934
C1,3,0.7000000000000001,68.3727231672437
C1,3,0.8,78.46605449345175
C1,3,0.9,89.2443173265091
C1,4,0.1,11.140383891607076
C1,4,0.2,20.52691004892736
C1,4,0.30000000000000004,30.387655250282275
C1,4,0.4,40.91832894241626
C1,4,0.5,50.32743695897629
C1,4,0.6,59.028980052691004
C1,4,0.7000000000000001,68.42303349642454
C1,4,0.8,78.80316146029357
C1,4,0.9,88.7467068121942
C1,5,0.1,11.148750376392654
C1,5,0.2,20.648900933453778
C1,5,0.30000000000000004,30.186690755796448
C1,5,0.4,40.19120746763023
C1,5,0.5,49.60102378801566
C1,5,0.6,58.754893104486605
C1,5,0.7000000000000001,68.96266184884071
C1,5,0.8,78.66606443842217
C1,5,0.9,88.56519120746763
C2,1,0.1,10.1369656833233
C2,1,0.2,20.040638169777242
C2,1,0.30000000000000004,31.027995183624324
C2,1,0.4,41.22516556291391
C2,1,0.5,50.0
C2,1,0.6,58.68452739313666
C2,1,0.7000000000000001,67.97862733293198
C2,1,0.8,78.37898856110776
C2,1,0.9,89.05027092113184
C2,2,0.1,10.78497779784752
C2,2,0.2,20.313087980733048
C2,2,0.30000000000000004,30.53360427485512
C2,2,0.4,40.648754421615116
C2,2,0.5,49.90592308271243
C2,2,0.6,58.77173176789343
C2,2,0.7000000000000001,68.53315270565214
C2,2,0.8,78.41499209753894
C2,2,0.9,89.08707759464139
C2,3,0.1,11.041698027999399
C2,3,0.2,20.118922173716694
C2,3,0.30000000000000004,30.400421496311907
C2,3,0.4,40.870088815294295
C2,3,0.5,49.78172512419088
C2,3,0.6,59.40839981935873
C2,3,0.7000000000000001,68.36519644738823
C2,3,0.8,78.50368809272919
C2,3,0.9,89.29700436549751
C2,4,0.1,10.944674444862628
C2,4,0.2,20.436582611968383
C2,4,0.30000000000000004,30.350018818216036
C2,4,0.4,40.69251035001882
C2,4,0.5,50.10914565299209
C2,4,0.6,58.91607075649229
C2,4,0.7000000000000001,68.32517877305231
C2,4,0.8,78.78810688746707
C2,4,0.9,88.69401580730147
C2,5,0.1,11.133694670280036
C2,5,0.2,20.460704607046072
C2,5,0.30000000000000004,30.118940078289675
C2,5,0.4,40.078289671785605
C2,5,0.5,49.60102378801566
C2,5,0.6,58.68714242697982
C2,5,0.7000000000000001,68.94760614272809
C2,5,0.8,78.62842517314061
C2,5,0.9,88.49744052996085
C3,1,0.1,10.272426249247442
C3,1,0.2,19.81487055990367
C3,1,0.30000000000000004,30.711920529801322
C3,1,0.4,41.14990969295605
C3,1,0.5,49.96237206502107
C3,1,0.6,58.58669476219145
C3,1,0.7000000000000001,68.01625526791089
C3,1,0.8,78.42414208308249
C3,1,0.9,89.1255267910897
C3,2,0.1,10.69466395725145
C3,2,0.2,20.132460299540906
C3,2,0.30000000000000004,30.345450440279976
C3,2,0.4,40.686385188530146
C3,2,0.5,49.687664634605255
C3,2,0.6,58.50079024610522
C3,2,0.7000000000000001,68.4654173252051
C3,2,0.8,78.43757055768796
C3,2,0.9,89.16986528185444
C3,3,0.1,11.064278187565858
C3,3,0.2,19.998494656028903
C3,3,0.30000000000000004,30.38536805660093
C3,3,0.4,40.71955441818456
C3,3,0.5,49.849465602890255
C3,3,0.6,59.39334637964775
C3,3,0.7000000000000001,68.22218877013397
C3,3,0.8,78.52626825229565
C3,3,0.9,89.29700436549751
C3,4,0.1,10.816710575837412
C3,4,0.2,20.255927738050435
C3,4,0.30000000000000004,30.176891230711327
C3,4,0.4,40.639819345126085
C3,4,0.5,49.96612721114038
C3,4,0.6,58.818216033120066
C3,4,0.7000000000000001,68.32517877305231
C3,4,0.8,78.78057960105383
C3,4,0.9,88.68648852088822
C3,5,0.1,10.990665462210178
C3,5,0.2,20.32520325203252
C3,5,0.30000000000000004,29.99849442938874
C3,5,0.4,40.19873532068654
C3,5,0.5,49.54080096356519
C3,5,0.6,58.67208672086721
C3,5,0.7000000000000001,68.84974405299609
C3,5,0.8,78.62842517314061
C3,5,0.9,88.52002408912978
C4,1,0.1,10.325105358217941
C4,1,0.2,19.7998193859121
C4,1,0.30000000000000004,30.75707405177604
C4,1,0.4,40.773630343166765
C4,1,0.5,49.849488260084286
C4,1,0.6,58.54154124021673
C4,1,0.7000000000000001,67.97862733293198
C4,1,0.8,78.43919325707405
C4,1,0.9,89.17068031306442
C4,2,0.1,10.73229472416648
C4,2,0.2,20.01204184541281
C4,2,0.30000000000000004,30.383081207195
C4,2,0.4,40.58854519455106
C4,2,0.5,49.63498156092421
C4,2,0.6,58.50831639948822
C4,2,0.7000000000000001,68.40520809814103
C4,2,0.8,78.43004440430495
C4,2,0.9,89.14728682170544
C4,3,0.1,10.996537708866477
C4,3,0.2,19.893120578052084
C4,3,0.30000000000000004,30.3477344573235
C4,3,0.4,40.87761553514978
C4,3,0.5,49.72903808520247
C4,3,0.6,59.22775854282703
C4,3,0.7000000000000001,68.23724220984495
C4,3,0.8,78.48863465301822
C4,3,0.9,89.22173716694265
C4,4,0.1,10.673692133985698
C4,4,0.2,20.052691004892736
C4,4,0.30000000000000004,30.24463680843056
C4,4,0.4,40.66992849077907
C4,4,0.5,49.85321791494166
C4,4,0.6,58.82574331953331
C4,4,0.7000000000000001,68.32517877305231
C4,4,0.8,78.7128340233346
C4,4,0.9,88.70907038012797
C4,5,0.1,10.855164107196627
C4,5,0.2,19.903643480879254
C4,5,0.30000000000000004,30.02860584161397
C4,5,0.4,40.078289671785605
C4,5,0.5,49.54080096356519
C4,5,0.6,58.619391749473046
C4,5,0.7000000000000001,68.78199337548932
C4,5,0.8,78.64348087925323
C4,5,0.9,88.49744052996085
C5,1,0.1,10.2950030102348
C5,1,0.2,19.649307645996387
C5,1,0.30000000000000004,30.70439494280554
C5,1,0.4,40.818783865141484
C5,1,0.5,49.72155328115593
C5,1,0.6,58.56411800120409
C5,1,0.7000000000000001,67.97862733293198
C5,1,0.8,78.44671884406984
C5,1,0.9,89.1255267910897
C5,2,0.1,10.82260856476255
C5,2,0.2,19.853992624369685
C5,2,0.30000000000000004,30.307819673364943
C5,2,0.4,40.43802212689094
C5,2,0.5,49.6199292541582
C5,2,0.6,58.47068563257319
C5,2,0.7000000000000001,68.32242041092798
C5,2,0.8,78.42251825092195
C5,2,0.9,89.14728682170544
C5,3,0.1,10.868583471323197
C5,3,0.2,19.90817401776306
C5,3,0.30000000000000004,30.407948216167398
C5,3,0.4,40.71955441818456
C5,3,0.5,49.6537708866476
C5,3,0.6,59.21270510311606
C5,3,0.7000000000000001,68.19208189071203
C5,3,0.8,78.51874153244016
C5,3,0.9,89.22173716694265
C5,4,0.1,10.741437711704931
C5,4,0.2,19.95483628152051
C5,4,0.30000000000000004,30.21452766277757
C5,4,0.4,40.293564170116674
C5,4,0.5,49.69514490026346
C5,4,0.6,58.81068874670681
C5,4,0.7000000000000001,68.32517877305231
C5,4,0.8,78.69025216409484
C5,4,0.9,88.79939781708694
C5,5,0.1,10.877747666365552
C5,5,0.2,19.82083709725986
C5,5,0.30000000000000004,30.02860584161397
C5,5,0.4,40.01053899427883
C5,5,0.5,49.375188196326405
C5,5,0.6,58.747365251430296
C5,5,0.7000000000000001,68.73682625715146
C5,5,0.8,78.59831376091539
C5,5,0.9,88.50496838301717
C6,1,0.1,10.340156532209512
C6,1,0.2,19.566526189042747
C6,1,0.30000000000000004,30.486152919927754
C6,1,0.4,40.72095123419627
C6,1,0.5,49.586092715231786
C6,1,0.6,58.55659241420831
C6,1,0.7000000000000001,67.97110174593618
C6,1,0.8,78.49187236604455
C6,1,0.9,89.16315472606864
C6,2,0.1,10.837660871528563
C6,2,0.2,19.673364943177543
C6,2,0.30000000000000004,30.26266275306691
C6,2,0.4,40.15955445171973
C6,2,0.5,49.6124031007752
C6,2,0.6,58.40295025212614
C6,2,0.7000000000000001,68.20200195679989
C6,2,0.8,78.41499209753894
C6,2,0.9,89.13976066832242
C6,3,0.1,10.868583471323197
C6,3,0.2,19.863013698630137
C6,3,0.30000000000000004,30.453108535300316
C6,3,0.4,40.523859701941895
C6,3,0.5,49.48818304982689
C6,3,0.6,59.14496462441667
C6,3,0.7000000000000001,68.18455517085654
C6,3,0.8,78.59400873099503
C6,3,0.9,89.22926388679814
C6,4,0.1,10.869401580730147
C6,4,0.2,19.88709070380128
C6,4,0.30000000000000004,30.161836657884834
C6,4,0.4,40.188182160331195
C6,4,0.5,49.60481746330448
C6,4,0.6,58.64508844561536
C6,4,0.7000000000000001,68.28001505457283
C6,4,0.8,78.72036130974783
C6,4,0.9,88.85208882197968
C6,5,0.1,10.772357723577237
C6,5,0.2,19.77566997892201
C6,5,0.30000000000000004,30.006022282445045
C6,5,0.4,39.83739837398374
C6,5,0.5,49.17946401686239
C6,5,0.6,58.72478169226136
C6,5,0.7000000000000001,68.774465522433
C6,5,0.8,78.53056308340861
C6,5,0.9,88.5275519421861
C7,1,0.1,10.234798314268513
C7,1,0.2,19.581577363034317
C7,1,0.30000000000000004,30.33564118001204
C7,1,0.4,40.37477423239012
C7,1,0.5,49.458157736303434
C7,1,0.6,58.526490066225165
C7,1,0.7000000000000001,68.02378085490668
C7,1,0.8,78.43919325707405
C7,1,0.9,89.14057796508128
C7,2,0.1,10.70971626401746
C7,2,0.2,19.598103409347484
C7,2,0.30000000000000004,30.209979679385867
C7,2,0.4,39.94882215699556
C7,2,0.5,49.52208926017912
C7,2,0.6,58.3427410250621
C7,2,0.7000000000000001,68.18694965003387
C7,2,0.8,78.43757055768796
C7,2,0.9,89.07955144125837
C7,3,0.1,10.793316272768328
C7,3,0.2,19.73505946108686
C7,3,0.30000000000000004,30.212253499924735
C7,3,0.4,40.58407346078579
C7,3,0.5,49.39786241156104
C7,3,0.6,58.94926990817402
C7,3,0.7000000000000001,68.12434141201264
C7,3,0.8,78.56390185157308
C7,3,0.9,89.2443173265091
C7,4,0.1,10.756492284531427
C7,4,0.2,19.92472713586752
C7,4,0.30000000000000004,30.11667293940534
C7,4,0.4,40.19570944674445
C7,4,0.5,49.56718103123824
C7,4,0.6,58.57734286789612
C7,4,0.7000000000000001,68.28001505457283
C7,4,0.8,78.70530673692134
C7,4,0.9,88.84456153556643
C7,5,0.1,10.66696778078892
C7,5,0.2,19.647696476964768
C7,5,0.30000000000000004,29.787714543812104
C7,5,0.4,39.81481481481482
C7,5,0.5,49.036434808792535
C7,5,0.6,58.43872327612165
C7,5,0.7000000000000001,68.76693766937669
C7,5,0.8,78.47786811201445
C7,5,0.9,88.47485697079193
C8,1,0.1,10.31005418422637
C8,1,0.2,19.453642384105958
C8,1,0.30000000000000004,30.3055388320289
C8,1,0.4,40.27694160144491
C8,1,0.5,49.26249247441301
C8,1,0.6,58.45123419626731
C8,1,0.7000000000000001,68.01625526791089
C8,1,0.8,78.4692956050572
C8,1,0.9,89.17068031306442
C8,2,0.1,10.890343945209603
C8,2,0.2,19.364792654474297
C8,2,0.30000000000000004,30.285241213215926
C8,2,0.4,39.7456160156544
C8,2,0.5,49.26620004515692
C8,2,0.6,58.24490103108302
C8,2,0.7000000000000001,68.17189734326786
C8,2,0.8,78.44509671107097
C8,2,0.9,89.1171822081734
C8,3,0.1,10.846003311756737
C8,3,0.2,19.5393647448442
C8,3,0.30000000000000004,30.1144061418034
C8,3,0.4,40.42601234382056
C8,3,0.5,49.269908174017765
C8,3,0.6,58.77615535149781
C8,3,0.7000000000000001,68.19960861056752
C8,3,0.8,78.52626825229565
C8,3,0.9,89.28947764564204
C8,4,0.1,10.688746706812195
C8,4,0.2,19.729017689123072
C8,4,0.30000000000000004,29.936018065487392
C8,4,0.4,40.25592773805043
C8,4,0.5,49.40910801656003
C8,4,0.6,58.54723372224313
C8,4,0.7000000000000001,68.22732404968009
C8,4,0.8,78.65261573202861
C8,4,0.9,88.75423409860745
C8,5,0.1,10.742246311352002
C8,5,0.2,19.55736224028907
C8,5,0.30000000000000004,29.750075278530563
C8,5,0.4,39.63414634146341
C8,5,0.5,48.89340560072267
C8,5,0.6,58.3032219211081
C8,5,0.7000000000000001,68.5937970490816
C8,5,0.8,78.44775669978922
C8,5,0.9,88.42216199939777
C9,1,0.1,10.1896447922938
C9,1,0.2,19.378386514148104
C9,1,0.30000000000000004,30.29801324503311
C9,1,0.4,40.27694160144491
C9,1,0.5,49.17218543046358
C9,1,0.6,58.51896447922938
C9,1,0.7000000000000001,68.02378085490668
C9,1,0.8,78.45424443106562
C9,1,0.9,89.21583383503913
C9,2,0.1,10.845187024911567
C9,2,0.2,19.379844961240313
C9,2,0.30000000000000004,30.352976593662977
C9,2,0.4,39.71551140212238
C9,2,0.5,49.16083389779484
C9,2,0.6,57.99653796944382
C9,2,0.7000000000000001,68.24715887709792
C9,2,0.8,78.46014901783698
C9,2,0.9,89.13223451493941
C9,3,0.1,10.695468914646996
C9,3,0.2,19.53183802498871
C9,3,0.30000000000000004,29.88860454613879
C9,3,0.4,40.2905313864218
C9,3,0.5,49.111847057052536
C9,3,0.6,58.63314767424357
C9,3,0.7000000000000001,68.07918109287972
C9,3,0.8,78.48110793316273
C9,3,0.9,89.304531085353
C9,4,0.1,10.673692133985698
C9,4,0.2,19.638690252164096
C9,4,0.30000000000000004,29.920963492660896
C9,4,0.4,40.0150545728265
C9,4,0.5,49.34888972525405
C9,4,0.6,58.524651863003385
C9,4,0.7000000000000001,68.1520511855476
C9,4,0.8,78.59239744072262
C9,4,0.9,88.7165976665412
C9,5,0.1,10.591689250225835
C9,5,0.2,19.59500150557061
C9,5,0.30000000000000004,29.629629629629626
C9,5,0.4,39.302920806985846
C9,5,0.5,48.72779283348389
C9,5,0.6,58.16019271303824
C9,5,0.7000000000000001,68.61638060825052
C9,5,0.8,78.40258958145137
C9,5,0.9,88.39957844022884
C10,1,0.1,10.114388922335943
C10,1,0.2,19.446116797110175
C10,1,0.30000000000000004,30.260385310054183
C10,1,0.4,40.09632751354605
C10,1,0.5,49.11950632149308
C10,1,0.6,58.47381095725467
C10,1,0.7000000000000001,68.06140878988562
C10,1,0.8,78.52950030102348
C10,1,0.9,89.24593618302228
C10,2,0.1,10.800030104613532
C10,2,0.2,19.43252803492135
C10,2,0.30000000000000004,30.21750583276887
C10,2,0.4,39.519831414164216
C10,2,0.5,48.972680063219684
C10,2,0.6,57.95138104914578
C10,2,0.7000000000000001,68.17942349665086
C10,2,0.8,78.45262286445399
C10,2,0.9,89.17739143523745
C10,3,0.1,10.597621556525667
C10,3,0.2,19.426463947011893
C10,3,0.30000000000000004,29.813337347583925
C10,3,0.4,40.283004666566306
C10,3,0.5,48.85593858196598
C10,3,0.6,58.44497967785639
C10,3,0.7000000000000001,68.08670781273521
C10,3,0.8,78.42089417431883
C10,3,0.9,89.29700436549751
C10,4,0.1,10.432818968761762
C10,4,0.2,19.69890854347008
C10,4,0.30000000000000004,29.86827248776816
C10,4,0.4,39.90967256304102
C10,4,0.5,49.251035001881824
C10,4,0.6,58.43432442604441
C10,4,0.7000000000000001,68.03161460293565
C10,4,0.8,78.55476100865639
C10,4,0.9,88.76928867143394
C10,5,0.1,10.546522131887984
C10,5,0.2,19.41433303221921
C10,5,0.30000000000000004,29.501656127672387
C10,5,0.4,39.41583860283047
C10,5,0.5,48.660042155977116
C10,5,0.6,58.242999096657634
C10,5,0.7000000000000001,68.4959349593496
C10,5,0.8,78.34989461005722
C10,5,0.9,88.42216199939777
C11,1,0.1,10.076760987357014
C11,1,0.2,19.235400361228177
C11,1,0.30000000000000004,30.02709211318483
C11,1,0.4,39.84045755568935
C11,1,0.5,48.78085490668272
C11,1,0.6,58.30072245635159
C11,1,0.7000000000000001,68.06140878988562
C11,1,0.8,78.6724864539434
C11,1,0.9,89.26098735701385
C11,2,0.1,10.604350116655377
C11,2,0.2,19.25190035372921
C11,2,0.30000000000000004,29.961616617746667
C11,2,0.4,39.31662527282306
C11,2,0.5,48.701738541431475
C11,2,0.6,57.74064875442162
C11,2,0.7000000000000001,68.18694965003387
C11,2,0.8,78.44509671107097
C11,2,0.9,89.20749604876947
C11,3,0.1,10.379346680716543
C11,3,0.2,19.298509709468615
C11,3,0.30000000000000004,29.46710823423152
C11,3,0.4,39.89161523408099
C11,3,0.5,48.60003010687942
C11,3,0.6,58.25681168146921
C11,3,0.7000000000000001,68.00391389432485
C11,3,0.8,78.33057353605298
C11,3,0.9,89.35721812434141
C11,4,0.1,10.28980052691005
C11,4,0.2,19.50319909672563
C11,4,0.30000000000000004,29.522017312758752
C11,4,0.4,39.59352653368461
C11,4,0.5,48.9499435453519
C11,4,0.6,58.23108769288672
C11,4,0.7000000000000001,67.76063229205872
C11,4,0.8,78.52465186300338
C11,4,0.9,88.79939781708694
C11,5,0.1,10.275519421860885
C11,5,0.2,19.15085817524842
C11,5,0.30000000000000004,29.162902740138513
C11,5,0.4,39.295392953929536
C11,5,0.5,48.3739837398374
C11,5,0.6,58.00210779885576
C11,5,0.7000000000000001,68.36796145739235
C11,5,0.8,78.30472749171936
C11,5,0.9,88.45980126467931
C12,1,0.1,10.009030704394943
C12,1,0.2,19.024683925346178
C12,1,0.30000000000000004,29.620710415412404
C12,1,0.4,39.479229379891635
C12,1,0.5,48.50993377483444
C12,1,0.6,58.11258278145696
C12,1,0.7000000000000001,68.08398555087297
C12,1,0.8,78.74021673690548
C12,1,0.9,89.32871763997592
C12,2,0.1,10.3785655151652
C12,2,0.2,18.85301422442989
C12,2,0.30000000000000004,29.668096635809437
C12,2,0.4,39.04568375103485
C12,2,0.5,48.49100624670731
C12,2,0.6,57.4772333860164
C12,2,0.7000000000000001,68.08158350267178
C12,2,0.8,78.44509671107097
C12,2,0.9,89.23007450891849
C12,3,0.1,10.221285563751318
C12,3,0.2,19.20818907120277
C12,3,0.30000000000000004,29.15098600030107
C12,3,0.4,39.53033268101761
C12,3,0.5,48.344121631792866
C12,3,0.6,57.90305584826133
C12,3,0.7000000000000001,67.91359325605902
C12,3,0.8,78.3230468161975
C12,3,0.9,89.37979828390787
C12,4,0.1,10.139254798645087
C12,4,0.2,19.104252916823487
C12,4,0.30000000000000004,29.29619872036131
C12,4,0.4,39.35265336846067
C12,4,0.5,48.50583364697027
C12,4,0.6,58.088069251035
C12,4,0.7000000000000001,67.68535942792623
C12,4,0.8,78.56228829506962
C12,4,0.9,88.78434324426044
C12,5,0.1,10.245408009635652
C12,5,0.2,18.940078289671785
C12,5,0.30000000000000004,28.98223426678711
C12,5,0.4,38.91900030111412
C12,5,0.5,48.13309244203553
C12,5,0.6,57.776272207166514
C12,5,0.7000000000000001,68.23998795543511
C12,5,0.8,78.21439325504366
C12,5,0.9,88.47485697079193
PCA1,1,0.1,12.123720650210716
PCA1,1,0.2,24.5258880192655
PCA1,1,0.30000000000000004,38.83202889825406
PCA1,1,0.4,49.20981336544251
PCA1,1,0.5,57.013847080072246
PCA1,1,0.6,63.395544852498496
PCA1,1,0.7000000000000001,70.4846478025286
PCA1,1,0.8,79.43257074051776
PCA1,1,0.9,89.60716435881999
PCA1,2,0.1,12.741777677429067
PCA1,2,0.2,25.24271844660194
PCA1,2,0.30000000000000004,40.57349288778505
PCA1,2,0.4,51.42620606607963
PCA1,2,0.5,58.89967637540453
PCA1,2,0.6,65.02596522917136
PCA1,2,0.7000000000000001,72.29622939715512
PCA1,2,0.8,80.22879506284339
PCA1,2,0.9,89.38059757657861
PCA1,3,0.1,13.058858949269908
PCA1,3,0.2,25.440313111545986
PCA1,3,0.30000000000000004,42.05178383260575
PCA1,3,0.4,52.15264187866928
PCA1,3,0.5,59.48366701791359
PCA1,3,0.6,65.79858497666717
PCA1,3,0.7000000000000001,72.61779316573838
PCA1,3,0.8,80.8068643685082
PCA1,3,0.9,89.46259220231822
PCA1,4,0.1,13.210387655250283
PCA1,4,0.2,25.622882950696273
PCA1,4,0.30000000000000004,41.136620248400455
PCA1,4,0.4,51.81031238238615
PCA1,4,0.5,59.50319909672564
PCA1,4,0.6,66.0820474219044
PCA1,4,0.7000000000000001,73.33835152427551
PCA1,4,0.8,81.26458411742567
PCA1,4,0.9,89.36394429808054
PCA1,5,0.1,13.158687142426981
PCA1,5,0.2,25.210779885576635
PCA1,5,0.30000000000000004,41.10960554049985
PCA1,5,0.4,52.3486901535682
PCA1,5,0.5,59.628124059018376
PCA1,5,0.6,66.30532971996386
PCA1,5,0.7000000000000001,73.68262571514605
PCA1,5,0.8,81.42125865703102
PCA1,5,0.9,89.46100572116832
PCA2,1,0.1,11.393738711619507
PCA2,1,0.2,22.275737507525587
PCA2,1,0.30000000000000004,32.47290788681517
PCA2,1,0.4,42.18844069837447
PCA2,1,0.5,50.54936785069235
PCA2,1,0.6,58.8275135460566
PCA2,1,0.7000000000000001,67.9108970499699
PCA2,1,0.8,78.3037326911499
PCA2,1,0.9,89.46417820590005
PCA2,2,0.1,11.93647926544743
PCA2,2,0.2,22.397832467825694
PCA2,2,0.30000000000000004,32.24204109279747
PCA2,2,0.4,42.394822006472495
PCA2,2,0.5,50.33491382554377
PCA2,2,0.6,58.63626100699933
PCA2,2,0.7000000000000001,68.44283886505606
PCA2,2,0.8,78.51283209151802
PCA2,2,0.9,89.34296680966358
PCA2,3,0.1,11.899744091524914
PCA2,3,0.2,22.610266445882885
PCA2,3,0.30000000000000004,32.018666265241606
PCA2,3,0.4,42.17973807014903
PCA2,3,0.5,50.56450398916152
PCA2,3,0.6,58.79873551106428
PCA2,3,0.7000000000000001,68.19960861056752
PCA2,3,0.8,78.81981032665965
PCA2,3,0.9,89.43248532289628
PCA2,4,0.1,11.719984945427173
PCA2,4,0.2,22.340986074520135
PCA2,4,0.30000000000000004,31.689875799774182
PCA2,4,0.4,41.84418517124577
PCA2,4,0.5,50.17689123071133
PCA2,4,0.6,58.84079789235981
PCA2,4,0.7000000000000001,68.33270605946556
PCA2,4,0.8,79.12683477606322
PCA2,4,0.9,88.88972525404591
PCA2,5,0.1,11.540198735320686
PCA2,5,0.2,21.95874736525143
PCA2,5,0.30000000000000004,31.654622101776575
PCA2,5,0.4,41.380608250526954
PCA2,5,0.5,50.05269497139416
PCA2,5,0.6,58.739837398373986
PCA2,5,0.7000000000000001,68.54110207768744
PCA2,5,0.8,78.88437217705511
PCA2,5,0.9,88.76091538693164
PCA3,1,0.1,11.619506321493077
PCA3,1,0.2,22.260686333534014
PCA3,1,0.30000000000000004,32.81908488862131
PCA3,1,0.4,42.55719446116797
PCA3,1,0.5,50.46658639373871
PCA3,1,0.6,58.91782059000602
PCA3,1,0.7000000000000001,67.6926550270921
PCA3,1,0.8,78.16827212522577
PCA3,1,0.9,88.9674894641782
PCA3,2,0.1,11.921426958681417
PCA3,2,0.2,22.284940167080606
PCA3,2,0.30000000000000004,32.33988108677655
PCA3,2,0.4,42.47760969368556
PCA3,2,0.5,50.508015353352896
PCA3,2,0.6,58.62120870023331
PCA3,2,0.7000000000000001,68.30736810416195
PCA3,2,0.8,78.27199518326184
PCA3,2,0.9,89.13976066832242
PCA3,3,0.1,11.816950173114558
PCA3,3,0.2,22.72316724371519
PCA3,3,0.30000000000000004,32.40252897787144
PCA3,3,0.4,42.20231822971549
PCA3,3,0.5,50.466656631040195
PCA3,3,0.6,58.97937678759596
PCA3,3,0.7000000000000001,68.3200361282553
PCA3,3,0.8,79.12087912087912
PCA3,3,0.9,89.2443173265091
PCA3,4,0.1,11.893112532931879
PCA3,4,0.2,22.664659390289803
PCA3,4,0.30000000000000004,32.05118554761009
PCA3,4,0.4,41.92698532179149
PCA3,4,0.5,50.47798268724125
PCA3,4,0.6,58.90854347007903
PCA3,4,0.7000000000000001,68.68648852088822
PCA3,4,0.8,79.14941663530297
PCA3,4,0.9,88.82950696273994
PCA3,5,0.1,11.690755796446853
PCA3,5,0.2,22.425474254742547
PCA3,5,0.30000000000000004,31.684733514001806
PCA3,5,0.4,41.1547726588377
PCA3,5,0.5,50.37639265281542
PCA3,5,0.6,58.92050587172538
PCA3,5,0.7000000000000001,69.09063535079795
PCA3,5,0.8,78.9747064137308
PCA3,5,0.9,88.7157482685938
PCA4,1,0.1,11.66465984346779
PCA4,1,0.2,22.087597832630944
PCA4,1,0.30000000000000004,32.33744732089103
PCA4,1,0.4,42.02287778446719
PCA4,1,0.5,50.46658639373871
PCA4,1,0.6,58.75978326309452
PCA4,1,0.7000000000000001,68.00120409391933
PCA4,1,0.8,78.43919325707405
PCA4,1,0.9,89.17068031306442
PCA4,2,0.1,11.560171596297133
PCA4,2,0.2,22.20215247986754
PCA4,2,0.30000000000000004,32.07646571837134
PCA4,2,0.4,42.19914201851434
PCA4,2,0.5,50.40264920599081
PCA4,2,0.6,58.59863024008429
PCA4,2,0.7000000000000001,68.33747271769398
PCA4,2,0.8,78.18168134266577
PCA4,2,0.9,89.1247083615564
PCA4,3,0.1,11.591148577449948
PCA4,3,0.2,22.008128857443925
PCA4,3,0.30000000000000004,31.830498268854434
PCA4,3,0.4,42.19479150986
PCA4,3,0.5,50.56450398916152
PCA4,3,0.6,59.21270510311606
PCA4,3,0.7000000000000001,68.23724220984495
PCA4,3,0.8,78.77465000752673
PCA4,3,0.9,89.16152340809876
PCA4,4,0.1,11.449002634550244
PCA4,4,0.2,21.74633044787354
PCA4,4,0.30000000000000004,31.689875799774182
PCA4,4,0.4,42.19044034625517
PCA4,4,0.5,50.44034625517501
PCA4,4,0.6,59.35265336846067
PCA4,4,0.7000000000000001,68.39292435077155
PCA4,4,0.8,78.95370718855852
PCA4,4,0.9,88.70907038012797
PCA4,5,0.1,11.080999698885877
PCA4,5,0.2,21.379102679915686
PCA4,5,0.30000000000000004,31.83529057512797
PCA4,5,0.4,41.85486299307438
PCA4,5,0.5,50.11291779584462
PCA4,5,0.6,58.935561577838
PCA4,5,0.7000000000000001,68.83468834688347
PCA4,5,0.8,78.83920505871725
PCA4,5,0.9,88.76844323998796
PCA5,1,0.1,11.59692956050572
PCA5,1,0.2,22.02739313666466
PCA5,1,0.30000000000000004,32.6685731487056
PCA5,1,0.4,42.203491872366044
PCA5,1,0.5,50.51173991571343
PCA5,1,0.6,58.8199879590608
PCA5,1,0.7000000000000001,68.03883202889826
PCA5,1,0.8,78.13064419024684
PCA5,1,0.9,89.09542444310657
PCA5,2,0.1,11.876270038383382
PCA5,2,0.2,22.330097087378643
PCA5,2,0.30000000000000004,32.08399187175435
PCA5,2,0.4,42.42492662000451
PCA5,2,0.5,50.319861518777756
PCA5,2,0.6,58.76420561451042
PCA5,2,0.7000000000000001,68.38262963799203
PCA5,2,0.8,78.30962595017687
PCA5,2,0.9,89.09460374802438
PCA5,3,0.1,11.651362336293843
PCA5,3,0.2,22.43715188920668
PCA5,3,0.30000000000000004,32.21436098148427
PCA5,3,0.4,42.02920367303929
PCA5,3,0.5,50.572030709017014
PCA5,3,0.6,58.93421646846304
PCA5,3,0.7000000000000001,68.28992924883336
PCA5,3,0.8,78.76712328767124
PCA5,3,0.9,89.1314165286768
PCA5,4,0.1,11.644712081294694
PCA5,4,0.2,22.453895370718858
PCA5,4,0.30000000000000004,31.637184794881446
PCA5,4,0.4,41.83665788483252
PCA5,4,0.5,50.22958223560406
PCA5,4,0.6,59.16447120812946
PCA5,4,0.7000000000000001,68.25743319533308
PCA5,4,0.8,79.00639819345126
PCA5,4,0.9,88.90477982687241
PCA5,5,0.1,11.419753086419753
PCA5,5,0.2,21.875940981632038
PCA5,5,0.30000000000000004,31.6772056609455
PCA5,5,0.4,41.16230051189401
PCA5,5,0.5,50.097862089732004
PCA5,5,0.6,58.85275519421861
PCA5,5,0.7000000000000001,68.84221619993977
PCA5,5,0.8,78.85426076482987
PCA5,5,0.9,88.6254140319181
